name,latitude,longitude,place_id,vicinity
Arrakkal Sree Mahakali Temple,9.9330254,76.30596650000001,ChIJuUhFKPhyCDsRHG2EjnSeP4g,"W8M4+8F6, Temple Road, Nettoor, Maradu, Ernakulam"
Pathum Thirumala Devaswom Temple,9.925329399999999,76.26924199999999,ChIJWbVm6YBtCDsRPzIh-vnxci8,"W7G9+4MQ, Old NH17, Palluruthy, Kochi"
पंदिथान मन्दिर,9.9593277,76.2541998,ChIJ9UdieEZtCDsRZchIwNbHXB4,"X753+PMP, Pandithan Temple Road, Mattancherry, Kochi"
Shree Hanuman Kovil Public Trust,9.9686951,76.2829843,ChIJgwnLCLJyCDsRZCMeafiaXCk,"X79M+F5H, Durbar Hall Road, Marine Drive, Ernakulam"
Sree Punnakkal Temple,10.0190858,76.29121200000002,ChIJkw9stZ8NCDsRULt_7RcjtkE,"Punnakkal Junction, Desabhimani Road, Punnakkal, Elamakkara, Kochi"
Althara Bhagavathy Temple,9.9576938,76.2450846,ChIJVTDI_ThtCDsRNUY0QqJF60U,"X65W+32G, Amaravathi Road, Amaravathy, Fort Kochi, Kochi"
Sree Raja Rajeswari Devi Temple,10.0025659,76.3050827,ChIJU7LxuxANCDsRzUXsCDMYRoQ,"2834+22G, Palarivattom, Kochi"
Poonithura Kottaram Sree Krishna Temple,9.9455533,76.3317593,ChIJSSNb_hBzCDsRgd6qUkvItSw,"Petta, Poonithura Kottaram Road, Poonithura, Maradu, Kochi"
Sree Dharma Sastha Temple,9.999912,76.3324169,ChIJxWrSqekMCDsRXxNGQL3I9CU,"Sree Dharma Sastha Temple, Vennala - Palachuvadu Road, Palachuvadu, Kakkanad"
Sree Narayana Guru Temple,10.0065615,76.3156861,ChIJIXJtOR0NCDsRq1Vxf8tiXy8,"2848+J7F, Edapally - Arkkakadavu Road, Padivattom, Edappally, Ernakulam"
Kataribagh Sree Ayyapa Temple,9.941293699999997,76.2835881,ChIJm9twGpByCDsRd1n_Ap5iIAY,"Naval Base, Katari Bagh, Thevara, Kochi"
"Shri Vithoba Devasthan, Mattancherry",9.956010299999999,76.2553331,ChIJ80TjdERtCDsRKeHP2e1ddJ0,"X744+C44, TD East Road, Mattancherry, Kochi"
Pavakulam Sree Mahadeva Temple,9.9963476,76.2917058,ChIJ7XXNiGoNCDsRHyGKoDuoEEU,"Perandoor Road, junction, Kaloor - Kadavanthara Road, Ernakulam"
Shri Durga Devi Temple,9.982140099999999,76.2813605,ChIJn5EsOFANCDsReb2q_iwHfWc,"40/5579, TD Road, Kacheripady, Ernakulam"
"Sree Ponneth Kavu Devi Temple, Kadavanthra",9.9632396,76.3065101,ChIJLRjap9pyCDsR_4pq57V4q6E,"X874+7JR, Temple South Road, Chilavannoor, Ernakulam"
Ernakulam Shiva Temple,9.968519299999999,76.282248,ChIJE-eCCbRyCDsRwc61Lnp0fDw,"X79J+CV5, Durbar Hall Road, Marine Drive, Ernakulam"
Puthankulangara Siva Temple,9.984273199999999,76.33091770000001,ChIJXWFKrM8MCDsRTXKUcDQ8Qpw,"Eroor North, Eroor, Ernakulam"
Kappattikavu Guru Maheshwara Kshethram,9.9807375,76.3331719,ChIJA5v2H8wMCDsR7iwPGoMb3YM,"X8JM+77V, Eroor North, Eroor, Kochi"
Shri Maha Ganapathi Temple,10.0201785,76.30373829999999,ChIJ12shsacNCDsR0HxZEpH3naE,"Manimala Road, Ponekkara, Edappally, Kochi"
Sree Ayini Shiva Temple,9.9447058,76.32178979999999,ChIJny44ixxzCDsRfBbhf4thckE,"Ayini, Shiva temple, Ayini - Martinpuram Road, Vijaya Nagar, Maradu, Kochi"
Sree Thrikkannapuram Parthasarathi Temple,10.0212157,76.3010121,ChIJMSgt26YNCDsRboVo_6f487M,"28C2+FCJ, Ponekkara Road, Ponekkara, Edappally, Kochi"
Mattanchery Palace Sarpa Kavu,9.95873,76.25900299999999,ChIJB3DaKUVtCDsRtc8lRjSPKcM,"X755+FJR, Mattancherry, Kochi"
Dhanwanthari Temple,9.955590899999999,76.2537212,ChIJHXcCq0ZtCDsROKH7LAnImSw,"TD East Road, Kappalandimukku, Mattancherry, Kochi"
Jalaram Mandir,9.960436999999997,76.25519,ChIJr5REqUVtCDsRJBVEbEv1K6E,"X764+53G, Nalumadam, Mattancherry, Kochi"
Sree Rama Devaswom Tripunithura,9.947854300000001,76.34411519999999,ChIJtef67GtzCDsRgtnKGCl2Dk0,"W8XV+4JX, Nadamel, Layam Road, Thrippunithura, Ernakulam"
Sree Pattupurakavu Devi Temple,10.0185918,76.34859569999999,ChIJF5PWIooMCDsRNnHUkHtKYMQ,"289X+CCQ, Kakkanad"
Edathavalam Ayyappa Seva Samajam,10.0535065,76.32996949999999,ChIJv0HaayUMCDsR5dqcrhKyTwg,"383H+CX5, near HMT Junction, North Kalamassery, Kochi"
Valliyath Khandakarna Swami Temple,10.0188151,76.3727991,ChIJtcsbWXgLCDsRiE80D6Io_7M,"299F+G4F, Edachira, Kakkanad"
"Shree Kuladevata Mandiram, Ambalamedu",9.982513599999999,76.38863479999999,ChIJhwMltjULCDsR-yls7ir9rLo,"Off, Chithrappuzha-Ponjassery Road, Ambalamedu, Kochi"
Lord Sree Ayyappa Swami Temple HMT colony kalamassery,10.0581641,76.3421963,ChIJr_p6Nh8MCDsRzeFM6TlI54Q,"385R+7V8, HMT Colony, North Kalamassery, Kochi"
Sree Agasthyasram,9.926613399999999,76.36913969999999,ChIJE03Q5Xt0CDsR5IR6zs_uhrU,"Thiruvankulam - Chottanikkara Road, Puthiyakavu, Thrippunithura, Thiruvankulam"
Shri Agastya Temple Complex,9.926739199999998,76.3693088,ChIJbU7t4nt0CDsRZbep568MWlY,"W9G9+MPV, Kureekad, Chottanikkara, Thrippunithura"
"Sree Poornathrayeesa Temple,Tripunithura",9.945042299999999,76.34206929999999,ChIJ60LmF21zCDsRYxlcScrTkMk,"Poornathrayeesa temple, Kottakakom, Thrippunithura, Kochi"
Cochin Thirumala Devaswom Temple,9.9562441,76.25017849999999,ChIJ0RiNL0dtCDsRmYL-MYtzMW8,"X742+F3V, TD North Sannidhi Road, Cherlai, Mattancherry, Kochi"
Thrikkakkara Vamana Moorthy Temple,10.0354513,76.3294884,ChIJZx5kB0YMCDsR0-Q9kXwQ6GY,"28PH+5QQ, Edappally - Pukkattupady Road, Thrikkakara, Edappally, Kochi"
Sree Math Janardhana Devasthana,9.9579005,76.24615519999999,ChIJ4ahk9DhtCDsRLpEzQEauvWE,"X65W+5F6, Ammankovil Road, Amaravathy, Fort Kochi, Kochi"
Chittoor Sree Krishna Swamy Temple,10.0333139,76.27369809999999,ChIJ3fGpL4oNCDsRwN3bk5oEyHg,"Chittoor Road, South Chittoor, Ernakulam"
Ayyappa Temple,9.957978700000002,76.27074499999999,ChIJ45opmVhtCDsR4amfi9QeZlk,"X75C+57X, PS Parameswaran Road, Willingdon Island, Kochi"
Sri Ramakrishna Math,9.9627612,76.3195657,ChIJ03iYuSdzCDsRSUUZBYp08cE,"Vyttila, Ernakulam"
Palliyarakkavu Temple,9.957478799999997,76.2532073,ChIJJUfrm0ZtCDsRo40GbcqhidU,"X743+X7W, Near Nehru Memorial Town Hall, Kappalandimukku, Mattancherry, Kochi"
Sai Baba Temple,9.9590482,76.2535078,ChIJDTi0eUZtCDsRNxT1VvDnmfY,"Sai Baba Temple, Palace Road, Fort Kochi, Kochi"
SNDP cheranelloor,9.9816358,76.2998842,ChIJYcZeXAANCDsRTmLlztIwIAw,"X7JX+MX2, Cheranallur, Ernakulam"
Ernakulam thirupthi kurem,9.9816358,76.2998842,ChIJv0u7YwANCDsR2-QOplkoE6E,"Tm Temple temple temple temple, Ernakulam"
"Shiva Temple, North Indian Charitable Trust",9.985139699999998,76.2970059,ChIJiznwgTcNCDsRRYNRFxDL1qU,"X7PW+3R2, Kathrikadavu, Kaloor, Ernakulam"
"Udaya Mandir,North Indian Charitable Trust",9.9851309,76.2969852,ChIJtfxhKzgNCDsRygrZPMFbAsQ,"Kathrikadavu, Kaloor, Ernakulam"
Shivalayam Temple,9.9876382,76.3035917,ChIJQzyKR1kNCDsR2zvG_XHg6Ys,"X8Q3+3CX, 44/3946, Pipeline Road, Kathrikadavu, Thammanam, Kochi"
Venkatachalapathi Temple Karnakodam Back Entrance,9.987284899999999,76.3045102,ChIJR-4Dlz0NCDsRbVWbhJiKOUo,"X8P3+WR6, Shivalayam Road, Thammanam, karanakodam"
Thammanam,9.982423599999999,76.3075214,ChIJ_RWbWwANCDsRhCAI-pKDSyI,"X8J5+X26, May First Road, DD Village, Thammanam, Ernakulam"
SREE VENKATACHALAPATHI TEMPLE,9.987354999999999,76.3050998,ChIJ09Jw0DoNCDsRM0hvmRHmHA8,"Kathrikadavu, Thammanam, Ernakulam"
"Sree Vanadurga Nagayakshi Devi Kshethram, Karanakodam",9.9866756,76.305835,ChIJdaUDJjsNCDsRVFomF9BSPx8,"35/2586, South Janatha Road, Karanakodam, Thammanam, Kochi"
Sree Bhalabadra Temple,9.9735564,76.2995742,ChIJnwhecXNzCDsRwfU8dCZjYZI,"X7FX+CRG, Unnamed Road, Jawahar Nagar, Elamkulam, Ernakulam"
Alungal Dhanwantari Temple,9.9860367,76.30744589999999,ChIJ27UuDlcNCDsRTPhIYd2AlN4,"Sree Narayana Devar Road, Kochi"
Sree Muthi Bhagavathy Temple,9.9880025,76.3061961,ChIJqx4I1iQNCDsRLABySMzYCCQ,"KTDSERA-31, Thammanam, Kochi"
"Sree Sidhi Vinayaka Temple, Karanakodam, Thammanam",9.9870324,76.30745879999999,ChIJxVTBEyUNCDsRFoVFvn7J05U,"35/1658, TD Sannidhi Road, karanakodam, Thammanam, Ernakulam"
Elamkulam Kavalakkal Sree Bhagavati Temple,9.9722825,76.2979399,ChIJMRO5BnUNCDsROhPW8LX4vgg,"X7CX+W58, Kaloor - Kadavanthara Road, Kathrikadavu, Kaloor, Ernakulam"
Sree Dharma Sastha Temple,9.9718787,76.2997037,ChIJQc29fMtyCDsR1GMKCwOBgyQ,"X7CX+QV4, Jawahar Nagar, Elamkulam, Ernakulam"
Sree Mahavishnu Narasimhamoorthy Temple,9.9718166,76.2995675,ChIJ4RGtZMtyCDsRb8CyckXKlc8,"X7CX+PRG, Jawahar Nagar, Ernakulam"
Pallithrikkovil Madhom,9.9768973,76.3099462,ChIJSf088a4NCDsRYk9cxFFkEoo,"Pallithrikkovil Madhom, Ponnurunni, Vyttila, PIN CODE 682019"
Sree Olipparambu Bhadrakali Temple,9.9761506,76.30976749999999,ChIJs4ZN6SwNCDsRS9kPROFD-4E,"Bhuvaneswari Road, Ponnurunni, Vyttila, Kochi"
Sri Bhuvaneshwari Temple,9.9760527,76.310039,ChIJ_fFy6ywNCDsR8hdp14M7CJs,"X8G6+C2F, Ponnurunni, Vyttila, Ernakulam"
Adwaithasramam,10.1135114,76.3573152,ChIJ5dGKry4PCDsRB4ifMMdZSIo,"Bridge Road, Periyar Nagar, Aluva"
Peringazha Sree Durga Bhagavati Temple,10.0644206,76.34102519999999,ChIJUQitGKAOCDsRzP6iGfgGUWE,"387R+QC6, Peringazha Road, Peringazha, HMT Colony, North Kalamassery, Kalamassery, Kochi"
Ponnakudam Temple,10.0485618,76.36115850000002,ChIJ5zg8nAkMCDsRCiI0kD8rl8E,"Thevakkal, Kochi"
Sri Thripurayar Mahadeva Temple,10.1272087,76.3688094,ChIJObiPMsoICDsR7JS1C6n96qs,"Kalady - Aluva Road, PO, Purayār, Chowara"
Kannoth Temple,10.0875009,76.3234236,ChIJzdmGhfMOCDsRVnLM_ZSyVfY,"Palakkulam Illam, Kannoth Temple, 15/435A, Muppathadam Road, Muppathadom, Edayar, Aluva"
"Kurumbakkavu Temple, Athani കുറുമ്പക്കാവ് ക്ഷേത്രം",10.1452291,76.3566377,ChIJ9a16SFEPCDsRrxK68ysfhz4,"49W4+3MR, Athani"
Avanamcode Saraswathi Devi Temple (Swayambhu Bhagavathi),10.1478975,76.3812119,ChIJb5kcS6EICDsRuI4sSbfKS6c,"Avanamkodu Devaswam Kerala Kshethra Seva Trust, Near Nedumbassery Airport,Chowara, Avanamkodu Edanad Road, Nedumbassery"
Poickattussery Sreekurumbakkav Bhagavathy Kshetram,10.163542,76.34642730000002,ChIJK4jkde4FCDsRO7FK7bwQp0o,"Post Office, Sreekurumbakkav Devasam trust, Poickattussery, Chengamanad"
Aattippuzhakkavu Devi Temple,10.1488312,76.32788099999999,ChIJ6_QnQX0PCDsR0Ii76gxCImI,"West Veliyathunadu. P. O., Aluva, Veliyathunadu"
Thiruvairanikulam Mahadeva Temple,10.1198151,76.41676679999999,ChIJ7z_Ev1AICDsR9QCc8Q3rN-s,"Thiruvairanikkulam Mahadeva Temple, Thekkumbhagom"
Eravikulangara Temple,10.1611689,76.3741079,ChIJ38NltgUGCDsRtGs8VQOsRmc,"Eravikulangara Bhagavathy Temple, Erivikulangara Bhagavathy Temple Road, Nedumbassery"
"Naranath Sree Krishna Swamy Temple, Eloor South.",10.0747554,76.29142329999999,ChIJzb2QNG0OCDsR4W35BMv8LQw,"37FR+WH3, Eloor Ferry Road, Companypadi, Eloor, Kochi"
"Ezhipuram Bhagavathy Temple, Marampally",10.1067399,76.4322016,ChIJB7B8k7UJCDsREZAwuG5gd34,Marampally
Kuttikulangara Sree BalaMuraliKrishna Parthasarathy Temple,10.0990194,76.2770694,ChIJQRbcACwOCDsRpc3nsSXhUrw,"Hindu Dharma Samrakshana Sabha, Kongorpilly Olanad Road, Kongorppilly, Varapuzha"
Puliyampilly Namboothiri Temple(Sree moolasthanam),10.1547912,76.4157598,ChIJ3Scb4tUHCDsRGv1843lrxAs,"5C38+W86, Kanjoor-Airport Road, Thuravumkara, Vadakkumbhagom"
Puliyampilly Bhagavathi Temple,10.15569,76.415695,ChIJzUFb2NUHCDsRw9GogRk-S5w,"5C48+77G, Kanjoor-Airport Road, Thuravumkara, Vadakkumbhagom"
"Sree Muthappan Kovil Badhra Kali Temple, Thuravumkara, Kanjoor",10.1570788,76.4225694,ChIJq3gKy9kHCDsRdOatz7fQ06c,"Sree Muthppan Kovil Badhra Kali Temple, Thuravumkara P.O., Kanjoor, Ernakulam, Kerala, India, 683575, Kalady, Chengal Temple Road, Chengal, Vadakkumbhagom"
വാഴക്കുളം,10.1003709,76.35703819999999,ChIJbUN30DAPCDsReBYpIostr-4,"വേണുഗോപാൽ ജോതിഷം പുണർതം വീട്, വാഴക്കുളം, ആലുവ"
Shitala Mata,10.1014523,76.3566601,ChIJUUM5V5kPCDsRFLLuMuEagi8,"power house road, power house road, Syrian Church Road, Aluva"
Cheerakkada Bhagavathi Temple,10.1025471,76.3528298,ChIJ-4gRUNcOCDsRprIzIJYcNUA,"4933+248, Cherakada Temple Road, Kunnathery Thikavu, Aluva"
"Cheerakada Devi Temple, Alwaye",10.1025862,76.35281189999999,ChIJY8dJ-c8OCDsRHBytSLRn7KI,"4933+24M, Cheerakkada temple road, Aluva"
Sri Durga Temple,10.102635,76.352819,ChIJMdi6WtcOCDsRmasWaMjwews,"4933+344, Cherakada Temple Road, Kunnathery Thikavu, Aluva"
Sree Balabhadrakali Temple,10.1017052,76.3507569,ChIJGVK2itkOCDsRZTGeiYyD3TM,"Madathiparambil, Azad Road, Aluva"
Parashakthi Devasthanam,10.1035721,76.351053,ChIJOwKpxtkOCDsREoNZeVLFi8g,"4932+CCF, Kunnathery Thikavu, Aluva"
SNDP BR NO 2130 PATTERIPURAM,10.0991515,76.3501124,ChIJPTakfzQPCDsRrS8IcyHcN34,"39X2+M29, Kunnathery Thikavu, Aluva"
Edakkattil Sree Dharmasastha Kshethram,10.1038075,76.3508401,ChIJz-YEyNkOCDsROrK50VAcjEM,"4932+G8G, Ernakulam Road, Aluva"
Thachanampara Sree Gouri Sankara Kshethram,10.0961572,76.36335729999999,ChIJ8c4HTs0OCDsRGYs79ok0yLs,"39W7+F89, Edayapuram, Aluva"
Sreenarayana Guru Mandapam,10.0932323,76.3532575,ChIJo_I3cs8OCDsR71e5rC-3sM0,"39V3+78R, Pipeline Road, Kunnathery Thikavu, Aluva"
Sri Radhakrishna Mandir,10.1007602,76.3488242,ChIJvyVqz9sOCDsRlHqbLfmM-sY,"482X+8G4, National Highway 544, Kunnathery Thikavu, Salem"
GSBY Samajam,10.1007404,76.3487323,ChIJv97WztsOCDsRYTT7AePAqRY,"482X+7FX, Ernakulam Road, Kunnathery Thikavu, Aluva"
Sannit Alayam,10.1083129,76.3548618,ChIJs5xVMigPCDsRKHguWY2wKQ0,"4953+8WH, Periyar Nagar, Aluva"
market VINAYAGAR KOVIL,10.1069361,76.3504727,ChIJVZWPc9gOCDsRtrm-_SuOveI,"4942+Q5H, Market Road, Periyar Nagar, Aluva"
Viswabrahma Vydeeka Vidyapeedam,10.1075822,76.3630093,ChIJBb5iV9UOCDsRwILcRjUteC4,"4957+26J, PWD Quarters, Periyar Nagar, Aluva"
Mynoottu Kaavu Vana Durga Mahadeva Temple,10.098166,76.346559,ChIJb_csWAAPCDsR6WytSvNyn-U,"38XW+7HF, Vevukattil Lane, Periyar Nagar Residential Association, Pulinchode, Kunnathery Thikavu, Kochi"
Mynottil Devi Temple,10.0981772,76.3464077,ChIJw3VandwOCDsRC7KuGi7MBd4,"38XW+7HF, Vevukattil Lane, Periyar Nagar Residential Association, Pulinchode, Kunnathery Thikavu, Kochi"
"Bhagavathy Temple, Chembakassery",10.1093738,76.3629989,ChIJb-4ywyoPCDsR8G19bLjoaP4,"4957+P5X, PWD Quarters, Periyar Nagar, Aluva"
Chambakasseri Durga Temple,10.1093859,76.3630388,ChIJkeS-RtUICDsRM6aNnP5KXNI,"4957+Q63, Chembakaserry Kadavu Road, PWD Quarters, Periyar Nagar, Aluva"
Perumbilli Sree Bhagavathy Temple,10.1113153,76.3567274,ChIJwR9BaSkPCDsRDP7e2zBegKY,"4964+GMH, Tass Road, Periyar Nagar, Aluva"
Mynottilkavu Kshetram,10.0983203,76.3460625,ChIJk1Ejg9wOCDsRiM_GdERnWUA,"38XW+8CG, Kunnathery Thikavu, Aluva"
Perekkat Bagavathy Temple,10.1099215,76.3501246,ChIJPRAhsycPCDsRWr0yLcfsgmI,"4952+X29, Periyar Nagar, Aluva"
Namba Mana kaavu,10.1009358,76.344611,ChIJpQxkQ_cPCDsRfpYnlIc88xE,"482V+9RH, Uliyannoor, Aluva"
"Kolattukavu Bhagavathy Temple, Edayappuram",10.0943576,76.3680043,ChIJyeFUPDIJCDsRfIxaweVTLUg,"39V9+P6R, Cherupillil Valley Road, Chunangamvely West, Erumathala West"
Sree Uliyannur Nediyakulangara Bhagavathi Temple,10.101702,76.34432,ChIJyZAcnd4OCDsRGJWXunQ6inE,"482V+MPP, Uliyannoor, Aluva"
Veliyath Sri Balabhadra Bhagavathy Temple,10.095337,76.369243,ChIJ8fK_JjIJCDsR2nuOIzdQos8,"39W9+4MQ, Chunangamvely West, Erumathala West, Aluva"
Uliyannoor Sree Mahadeva Temple,10.0991561,76.3425611,ChIJN3vJpd0OCDsRxMCMuItrzX8,"Uliyannor Temple Road, Uliyannoor, Aluva"
Sree Krishna Swami Temple,10.1140225,76.3526215,ChIJQc1_Xi8PCDsR2APzPnW3lu0,"near sreekrishna temple, 6/260-7, Annapurna Hotel Road, Periyar Nagar, Aluva"
Uliyannor mana kavu,10.103655,76.342719,ChIJgylEbAAPCDsR4Jfetzwxvrc,"483R+CWM, Uliyannoor, Aluva"
Uliyannoor Madathilappan - Swayamvhoo Ganapathy Temple,10.0980733,76.34235799999999,ChIJF7KDDt0OCDsRVzL11ptCizM,"38XR+6WH, Uliyannoor, Aluva"
Uliyannoor Shiva Temple,10.0991388,76.34218299999999,ChIJ5WbTX9sOCDsRS-fRN50teLE,"38XR+MV3, Uliyannoor, Aluva"
Aluva Manalpuram,10.1160338,76.3556623,ChIJVStLbQAPCDsRf0hU9Z3jbbY,"4984+C77, Manappuram Swimming Spot Road, Thottakkattukara, Aluva"
Sree Uliyannoor Nagayakshi Nagarajavu Kavu,10.0988842,76.3404561,ChIJVRD9lDQPCDsRWeUL-EtkiUI,"38XR+H69, Uliyannoor, Aluva"
Sri Uliyanoor Perumthachan Kuladevatha Kshethram,10.0974581,76.3405978,ChIJk5gsYN0OCDsRj6OO0DttIqw,"Uliyannoor, Aluva"
Aluva Manappuram Siva Temple,10.1166848,76.3545718,ChIJq5aUYgAPCDsR8rmF02uRGbg,"4983+MRG, Aluva"
Aluva Mahadeva Temple,10.1166958,76.3545741,ChIJi2cGtC8PCDsRt9QB2MyvtsE,"4983+MRG, Manappuram, Temple Road, Thottakkattukara, Aluva"
Mandrakkal Bhagavathy Temple,10.0884982,76.3452011,ChIJI5BrI8EOCDsRiXXfKPhB1jY,"38QW+93W, Canal Road, Mantrakka, Kunnathery Thikavu, Aluva"
"Sree Narasimhaswami Temple, Muriyamangalam",9.945258199999998,76.38694559999999,ChIJWzlWU-10CDsRGQmS9ZCllRg,"Vennikkulam, Thiruvaniyoor"
Chemmanadu Garuda Maha Vishnu Temple,9.9434546,76.41608409999999,ChIJjW3KgAR1CDsR_kFVZ1GkWGs,"Chemmanadu, Thiruvaniyoor"
Pariyaram Mahavishnu Temple,9.962370199999999,76.4413211,ChIJmxcJmUN1CDsR3Q11cA60OJU,"XC6R+WGW, Aikaranad South"
"Mammalassery Sreerama Temple, Piravom",9.916424299999997,76.4771658,ChIJSQCgCUDfBzsR8kAS6f0CoyI,"WF8G+HV7, Mammalassery"
Thittayil Muthiyamma Kshetram തിട്ടയിൽ മുത്തിയമ്മ ക്ഷേത്രം,9.959907000000001,76.4034446,ChIJQQwKMNx0CDsRoBuxUVSG6Gs,"XC53+X98, Ambalamugal, Kochi"
Thannamkuzhiyil Kudumbakshethram,9.9609934,76.4068899,ChIJy5WxMXZ1CDsRi8qu79zHKAY,"XC64+9QR, Varikoli"
Vettinal Family Temple (വെട്ടിനാൽ കുടുംബക്ഷേത്രം),9.961679,76.40806839999999,ChIJWaYRR7J1CDsRDyc0Ao4zHTk,"XC65+M6G, Thiruvaniyoor"
Karakkattuparambil Temple,9.973755899999999,76.4009006,ChIJi9hXS9J0CDsRpqdR6OnW4Wc,"XCF2+G92, Arattumala Road, Puttumanoor, Chalikkara, Puthenkurish, Kochi"
Pulickal Bhagavathy Temple,9.974308299999997,76.39878259999999,ChIJbSFzdNJ0CDsRzPT6k46NLmw,"X9FX+PGF, Athiyattu Thazam Road, Kochi"
Puliyambilly Namboorissen Temple,9.9721482,76.3929014,ChIJlw9Jqs50CDsRGJpAjOoFyZg,"X9CV+V52, Kuzhikkad Puthenkurish Road, Ambalamugal, Thiruvaniyoor"
Pannikkottu Sree Maheshwara Temple,9.972866300000002,76.41120289999999,ChIJEWq_P2l1CDsRDliPBtGm2Rg,"XCF6+4FW, Puttumanoor"
Pannikottu Shiva Temple,9.972877200000001,76.4113706,ChIJKctezdR0CDsR6yKrWTq9U5U,"XCF6+5G5, Puthenkurish, Kochi"
Oonukal Siva Temple Pond,9.953894499999997,76.4069275,ChIJR0_6dgB1CDsRTMLA8BNLnvk,"XC34+HV6, Varikoli"
Bhandarakkavala,9.9781893,76.3988658,ChIJD5_TPF4LCDsRHJNjEU-xxBc,"X9HX+7GH, Veloor-Chalikkara Road, Ambalamugal, Kochi"
Oonukal swayambu Sivaparvathy temple (Oonnukal temple),9.9535944,76.4063388,ChIJ5d25HOF0CDsRu5lhc6RDlI0,"XC34+CGP, Varikoli"
Mattakuzhy Shivaparvathy Temple,9.9554932,76.3934393,ChIJu8J49-l0CDsRnlqipPTw36k,"X94V+59W, Thiruvaniyoor"
Ettikkara bagavathi Temple,9.9646324,76.3882962,ChIJR9T0wtN1CDsREgHJ_cwDBiM,"X97Q+V83, Eattikkara Temple Ambalamugal P.O"
Thanikkara Mahadeva Temple,9.980005399999998,76.4012453,ChIJt9DlHS0LCDsRXsG4CnsTSgY,"XCJ2+2F5, Canal Road, Kochi"
കൊടിഞ്ഞൂർ ഭഗവതി ക്ഷേത്രം,9.9643826,76.3859998,ChIJ5fiWZLh0CDsRybPVZ66-wCA,"X97P+Q95, Ambalamugal, Kochi"
Kulangarakkavu Sree Bhuvaneswari Temple,9.957033500000001,76.4176035,ChIJM5_5nwR1CDsRLHziW_bfQMw,"XC49+R29, Thiruvaniyoor"
Elamkavu Bhagavathi Temple.,9.9842145,76.40228859999999,ChIJB9QPmy4LCDsRHjGCDnrUoLk,"Veloor Karimugal Road, Kochi"
SRI SIDDHIVINAYAKA TRUST KERALA,9.9842418,76.4023661,ChIJC-55N6gLCDsR0VDM_q5jNVE,"XCM2+MWX, Karimugal, Kochi"
"Ayyankuzhi Sree Dharmasastha Temple, Ambalamugal",9.9717931,76.3835249,ChIJT0tT8yR1CDsRbeZ64msxOFU,"X9CM+PC6, Ambalamugal, Kochi"
Siva Temple,9.956140399999997,76.38511489999999,ChIJKyIO3L90CDsRzaCLzjZFXVw,"X94P+F25, Thiruvaniyoor"
നെടുവാമന ശ്രീകൃഷ്‌ണ സ്വാമി ക്ഷേത്രം,9.9577087,76.3839594,ChIJt_EYSYF1CDsREi-YG4Jfecg,"X94M+Q7W, Kakkad, Thiruvaniyoor"
SNDP temple and auditorium.,9.9776756,76.3856692,ChIJUWQNyCELCDsR9Au8WLPVWLs,"Kuzhikad, Bus Stop, FACT Jn, Ambalamedu, Ambalamugal, Kochi"
Sree Krishna Temple,9.9751549,76.4204178,ChIJF80VlC11CDsR0AySzy3_7CA,"XCGC+357, Puthencruz Karimugal Road, Puthenkurish, Kochi"
പനയ്ക്കാംഞ്ചേരി കാവ് (പതി),9.9679139,76.4232925,ChIJ-Vnrj7Z1CDsRpgzNspNzV1k,"XC9F+587, St. Thomas College Road, Puthenkurish, Kochi"
കുഴിക്കാട് ശ്രീ അയ്യപ്പ മണ്ഡപം,9.976972899999998,76.38412,ChIJG9ZEKLV0CDsRaDOIWIBaorE,"X9GM+QJQ, Kochi"
Thrippakkudath Sree Dharma Sastha temple (Sasthammugal Ayyappa temple),9.952683899999998,76.38526329999999,ChIJO3Bl9k51CDsRjbKV8XzmaqM,"X93P+34C, Kochi-Madurai-Tondi Point Road, Thiruvaniyoor"
Puthrica temple Ambalamukhal,9.9734467,76.38192169999999,ChIJz8uP6CR1CDsRGE1YVeW23uw,"X9FJ+9QF, Thiruvankulam"
Monappilly Temple,9.9596682,76.4236011,ChIJfRJOGz11CDsRMGCnVTBgpTI,"XC5F+VC9, Manamthadam, Thiruvaniyoor"
Harimattom Temple,9.9859633,76.3928732,ChIJQdRZKjELCDsRdYqnppwDkoE,"X9PV+94Q, Karimugal, Kochi"
Chathinigatue Temple,9.9880609,76.4039899,ChIJPYEeFAALCDsRROTy9YFsff0,"XCQ3+6HH, Karimugal"
Kanichathu Temple,9.9884842,76.39904279999999,ChIJ58SjLTMLCDsRd7FEiNo467s,"X9QX+9JV, Karimugal, Kochi"
Pazhayidathu Sree Badra Kali Temple,9.9534102,76.3822753,ChIJ33Y_1A51CDsRCW4uvGn4i3U,"X93J+9W6, Kakkad, Thiruvaniyoor"
Krishna Temple,9.9559746,76.38069209999999,ChIJ8_Xy-710CDsRdhPd6FnnU-4,"X94J+97P, Kakkad, Ernakulam"
Thuluvankulangara Vishnu Temple,9.942197199999999,76.4050948,ChIJneuPb_x0CDsRu8JFsKSGEfg,"WCR4+V2H, Kumbhappilli, Thiruvaniyoor"
Sree Bhadra Devi Temple Peechingachira,9.988680499999997,76.40892459999999,ChIJxaeYjOYLCDsR_9j64Zx1QII,"XCQ5+FHF, Peechingachira - Kollampady Canal Road, Peechingachira, Kochi"
Peechinga Chira Bhagavathi Temple,9.988723499999999,76.4089237,ChIJnbcVEigLCDsR2KF7LmE5GYY,"c-0025-46, Puthenkurish Karimughal Road, Karimugal"
Kumbhappilly Kavu,9.9419332,76.4050089,ChIJAQAQbvx0CDsRdwFl55uNmrw,"WCR4+Q2C, Kumbhappilli, Thiruvaniyoor"
Kumbappilly Bagavathy Temple,9.941910299999998,76.4051616,ChIJP6TYogR1CDsRRY6mBm42trk,"WCR4+Q37, Kumbappilly, Thiruvaniyoor"
Velmuruga Swami Temple,9.9895418,76.4070429,ChIJew7RKiYLCDsREyyq-Ghbv7s,"XCQ4+RR7, Puthenkurish Karimughal Road, Vadayampathumala"
Sree Subrahmanya Swami Temple fact colony,9.9895821,76.4070036,ChIJnSjDGyYLCDsRNCyyzRjyX9A,"Reg No:353/99, Puthenkurish Karimughal Road, Karimughal"
Murugan temple parking,9.989556999999998,76.4071896,ChIJVfGHTQALCDsRzPIF7rI6HlM,"XCQ4+RR7, Puthenkurish Karimughal Road, Vadayampathumala"
Kavumthazham Sivakshethram,9.971516099999999,76.42620749999999,ChIJLSBfCqZ1CDsRMtsX5dSe6fw,"XCCG+JF4, Puthenkurish, Kochi"
Kavumthazham Sivakshethra Ground,9.971607899999999,76.4265951,ChIJuYdJPAB1CDsRtGhWTgsncek,"XCCG+PHX, Pannikuzhi - Kavumthazham Road, Puthenkurish, Kochi"
Charath temple,9.9807692,76.422326,ChIJMZynaM0KCDsR1Cj98csGdOA,"XCJC+8W4, Charath"
Sree Venugopala Krishna Swami Temple,10.1678217,76.2443816,ChIJVVWS0ZQaCDsRkgN9YgI4JBk,"569V+4QC, Chendamangalam"
Kalikulangara Temple,10.1328,76.228,ChIJiYNfA2MQCDsR4WNe8IYNPTQ,"46VG+RV8, Kalikulangara Kshetram Mutt, Kudiakkulangara Kalikulangara link Road, Nanthiattukunnam, North Paravur"
Muthappan Thara,10.1623016,76.22002429999999,ChIJCeZgTGAaCDsRognS4C-DeFc,"566C+W2C, Parayakad Pallam Thuruthu Bridge"
"Shri Kashi Math Samsthan, Pallipuram",10.1605611,76.1880398,ChIJuynZiRkaCDsR3F8hc8yt6-U,"556Q+66F, Vypin, Kadathu, Vypin"
Puliyampilly Temple,10.1104467,76.21942109999999,ChIJrcScevkQCDsRkpAN_3PC2xM,"Kadakkara, Ezhikkara, North Paravur"
"Challiyil Eswaramangalath Temple, Methala",10.2039791,76.1827962,ChIJOaAoStkbCDsRVd_xH0KmgtY,"653M+H4V, Kodungallur"
"Keraleswarapuram Temple, Anchappalam",10.2132435,76.1902325,ChIJVVVVWegbCDsRbBukmRy_oOg,"657R+73X, Anchapalam"
Sree Narayana Temple,10.0939169,76.2533247,ChIJ4-VZycgRCDsRVJQnTlhZixQ,"37V3+H88, Kottuvally Road, Paravur, Kottuvally"
Madathikkavu Bhagavathi Temple,10.2091912,76.2659037,ChIJ_dfcPDQbCDsRZVlDAJ2imf0,"Pooppathy, Thrissur"
Iranikulam Sree Mahadeva Temple,10.204554,76.2768826,ChIJ4e7c2M0ECDsRnJo8kgpddiA,"673G+RQC, Iranikkulam, Thrissur"
"Chullur Maniyathukavu Temple, (ചുള്ളൂർ - മണിയത്തുകാവ് ക്ഷേത്ര സമുച്ചയം )",10.2172518,76.2616879,ChIJ5erN3EgbCDsRLj3lDmy7o6c,"Chullur Maniyathukavu Temple P.O. Pooppathy Thrissur Kerala Pin: 680733, Malapallipuram"
Thankulam Mahadeva Temple,10.2236754,76.2677322,ChIJGUlGhE0bCDsRYtwo0kKL2lo,"67F9+F3H, Thankulam Temple Road, Malapallipuram"
Kuzhur Sree Subramanya Swamy Temple,10.2060739,76.2968345,ChIJZSV-VegECDsRSAxuBvfhAb0,"674W+CPG, Kuzhur"
Kavilkulangara Sri Krishna Temple,10.2088939,76.2953094,ChIJKwOaI-oECDsRiGHkM8oRK_Q,"675W+H43, Kuzhur"
Kodungallur Sree Kurumba Bagavathi Temple,10.2268551,76.19834519999999,ChIJLwRMf_QbCDsRSSOwDU-Zb34,"Thekkenada Road, Kodungallur"
Thiruvanchikulam Mahadeva Temple - Paadal Petra Sthalam,10.2103342,76.2063482,ChIJfff1HL4bCDsRxhRa1ww3DWU,"6664+4GQ, Kodungallur- Ernakulam, Highway, Kottapuram, Kodungallur"
Sringapuram Mahadeva Temple,10.2180632,76.201139,ChIJRx1A0ewbCDsR1wz1dDnJDsE,"6692+6FC, Sringapuram, Kodungallur"
Varapuzha Paradevatha Temple,10.1563133,76.2234014,ChIJH-O7-NUbCDsRD69xSh8JgxA,"564F+64P, Cheriya Pallam Thuruth, Karimpadam"
Erandathara temple,10.1568273,76.22221739999999,ChIJJ3UrLQAbCDsRqnAZ1_GUqQ0,"564C+PVP, Cheriya Pallam Thuruth, Karimpadam"
Muthassiamma temple,10.1532986,76.2243472,ChIJP3QMO9MbCDsR5OjASdWnF9k,"563F+4J6, Kannankulangara link Road, Ernakulam, North Paravur"
Erreppadam Temple,10.157445,76.2247472,ChIJX36QRvcbCDsRyecwz3cbYB0,"564F+XVH, Cheriya Pallam Thuruth, North Paravur"
ERANDATHARA SREE NAGARAJA TEMPLE,10.1535617,76.2218098,ChIJ0ca1J3obCDsRm4QbajxMd1U,"Thattukadavu Bridge, Kannankulangara Temple Road, Cheriya Pallam Thuruth, North Paravur"
ആന കോട്ട,10.1520511,76.2237997,ChIJoY7_UYQbCDsRDibUIBq6bro,"562F+MC5, Ernakulam, North Paravur"
Ettiyattu Temple,10.1547485,76.2203336,ChIJMVhfk3waCDsRD7lPWSaLMn4,"563C+V4W, Kochi"
Shastha Temple,10.1515781,76.22476429999999,ChIJB5UbVocaCDsR8G179atL47E,"683513, North Paravur"
Thrikkeparambu Temple,10.1586252,76.22611839999999,ChIJM0SET4gaCDsR-3SUVJih350,"565G+FC5, Cheriya Pallam Thuruth"
Kannankulangara Sreekrishna Temple,10.151391,76.2237407,ChIJ__-_430aCDsRkmoOKARVoXM,"562F+HF5, Kannankulangara Temple Road, North Paravoor, North Paravur"
"Samooha Madom, Parur",10.1516088,76.22520209999999,ChIJtd1I9WgbCDsRIofBn1GKO2A,"562G+J3W, Kannankulangara Temple Road, Ernakulam, North Paravur"
Peedampally Madapathy Temple,10.1593565,76.22571839999999,ChIJ-wOxKwAbCDsRPtPBbTloxLA,"565G+P7W, Cheriya Pallam Thuruth, Karimpadam"
Sree Saraswathy Balasubrahmanya Swami Temple,10.1550392,76.21928249999999,ChIJG9lVn3waCDsRmIchkN_Ft4A,"5649+2P7, Kochi"
Aanattu Kalari Kshetram,10.1567695,76.218475,ChIJdybTIHsaCDsR0MBfn9D6kxw,"5649+P95, Aanat Road, North Patavur, Vadakkekara, Kochi"
Sree Chandana Mariyamman Temple,10.1500896,76.22085349999999,ChIJE0-mkX4aCDsRzwQ_DWa1AVs,"683513., North Paravur"
Sree Bhuvaneswari Temple,10.1544448,76.21764499999999,ChIJ240DbXsaCDsR40-mHisDJAU,"5639+Q3C, Kochi"
"Chillikoodam Bhadrakali Temple Office,",10.1539366,76.23032450000001,ChIJ9_kFgYYaCDsR6-bQQmo6wE4,"563J+H4G, North Paravoor"
Manapallil family temple,10.1498955,76.2278844,ChIJAee9FQAbCDsR9W3cVdebSfg,"46XH+X52, North Paravur"
Kottarappatt Ayyappa Temple,10.148832,76.2218829,ChIJA70lYX8aCDsRm_P2WBwANuU,"46XC+GQJ, Ernakulam, North Paravur"
Thoranathingal Devi Temple,10.154958,76.2165637,ChIJYYx7InsaCDsRoqFD8J9lUe4,"5638+XJP, Kochi"
Thoranathingal Bhagavati Temple,10.1549164,76.216489,ChIJX62hGHsaCDsRUEFx1REYOMw,"5638+XH9, Kochi"
Avuthottil temple Neendoor,10.1572338,76.2165801,ChIJ3_yytlMbCDsREG603bB-1uY,"5648+VJW, Neendoor"
Uchini Mahakali Amman Kovil,10.1484474,76.2266777,ChIJ6_TdWIAaCDsRyMMky3pP0Xo,"46XG+9MF, Main Road, North Paravur"
Chillikoodam Sree Bhadrakali Temple,10.1537511,76.2313047,ChIJqbQMgYYaCDsRdVDVmNjwhn8,"563J+GG3, North Paravoor, North Paravur"
Karikkumparambil-Vishnumaya-Karimkutti-Kallanchanmuri God's Temple,10.1502999,76.2297182,ChIJEUHRl6gbCDsRhCeZ-a0jfqQ,"Karikkumparambil House, near Thalakkat Temple, Kedamangalam"
Aickera Kudumba kshethram,10.1558774,76.23222779999999,ChIJRToQZBkbCDsRLGRGAe-PYlA,"564J+9V5, Cheriya Pallam Thuruth, Karimpadam"
Nambooriyachan Aal,10.1486066,76.2287131,ChIJM7XvOGAbCDsRxlEPxNOz-ZY,"46XH+CFW, Gurudarshan Building, Main Road, North Paravur"
Sumesh kadassery,10.1583483,76.2318248,ChIJT_-_QAAbCDsRQ9a_bdgS5_E,"565J+8PP, North Paravur"
Thotathil Vishnumaya chaathan Kshethram,10.1566778,76.23245279999999,ChIJJZJ7tSsbCDsRXrvR_iBf6Bk,"564J+MXG, Thooyithara Road, North Paravur"
Thooyithara SNDP Branch No.4751,10.1579951,76.2322588,ChIJUZQlPOEbCDsROM3Lu3KnV3E,"565J+5WR, Thooyithara Road, North Paravur"
Sree Valleshwari Temple Karimpadam,10.1602173,76.2315421,ChIJNah7244aCDsRU11AOSrn73I,"566J+3JM, Karimpadam Road, Aarankaavu, Karimpadam"
അന്നപൂർണ ഭഗവതി ക്ഷേത്രം,10.1602386,76.2160857,ChIJbZzjg8sbCDsRQXxk_vhiLrY,"5668+3CW, North Paravur"
Ramankulangara Temple,10.1615324,76.2163716,ChIJSSjfK2QaCDsRJRyjFbxHk0Q,"5668+JG9, Ramankulangara Temple Road"
Chiyan kovil,10.1458568,76.2256899,ChIJQY293bYbCDsRqLyDoN_fwwk,"46WG+87W, Venkatachalapathy Road, North Paravur"
Marayil bhagavathi sree muthappan temple,10.158791,76.2334955,ChIJJxpOSQAbCDsRS-bCL6DjqPw,"Bharanimukku, Karimpadam"
Sree Venkatachalapathy GSB Temple,10.1451545,76.2255478,ChIJpzLZ738QCDsRDogHmzrzHr4,"46WG+367, North Paravur"
Gowda Saraswatha Temple,10.1451455,76.2255514,ChIJcyAP8H8QCDsR7P2IWKmDFSE,"46WG+363, North Paravur"
Agni Gandari amman kovil,10.1457749,76.21868839999999,ChIJhdL_v2sbCDsR5QA30r_-DYM,"46W9+8F4, Infant Jesus Public School Road, North Paravur"
Guruthippadam Temple,10.166513,76.22237299999999,ChIJk4rsZWAaCDsR2tYGRxAq3Fo,"568C+JW5, Koottukadu Road, Parayakad"
Manappilly Annapoorneswari Temple,10.14455,76.227215,ChIJ5VgudQARCDsRz8HddQj0CN8,"46VG+RV8, North Paravur"
Sri Agni Gandhari Amman Kovil,10.14455,76.227215,ChIJqelxxSQRCDsRW_570lW6WSA,"46VG+RV8, North Paravur"
ERAKKATHAAL PARAVOOTHARA,10.14455,76.227215,ChIJXbrEV7YRCDsRGpj0l3JW30w,"46VG+RV8, North Paravur"
